mean_fit_time,mean_score_time,mean_test_score,param_SVMR__C,param_SVMR__cache_size,param_SVMR__class_weight,param_SVMR__gamma,param_SVMR__kernel,param_SVMR__max_iter,params,rank_test_score,split0_test_score,split1_test_score,split2_test_score,split3_test_score,split4_test_score,split5_test_score,std_fit_time,std_score_time,std_test_score
3.11466666063,0.160833358765,0.0447615547071,0.10000000000000001,8000,balanced,1.0000000000000001e-09,rbf,40000,"{'SVMR__class_weight': 'balanced', 'SVMR__C': 0.10000000000000001, 'SVMR__cache_size': 8000, 'SVMR__gamma': 1.0000000000000001e-09, 'SVMR__kernel': 'rbf', 'SVMR__max_iter': 40000}",105,0.0357142857143,0.0434782608696,0.047619047619,0.05,0.0526315789474,0.0394736842105,0.17128986827,0.0212478467513,0.00590903478274
3.22966663043,0.151999950409,0.0410839871138,0.10000000000000001,8000,balanced,5.1794746792312025e-09,rbf,40000,"{'SVMR__class_weight': 'balanced', 'SVMR__C': 0.10000000000000001, 'SVMR__cache_size': 8000, 'SVMR__gamma': 5.1794746792312025e-09, 'SVMR__kernel': 'rbf', 'SVMR__max_iter': 40000}",134,0.0267857142857,0.0434782608696,0.047619047619,0.05,0.0526315789474,0.0263157894737,0.164336654811,0.011387132428,0.0106634087296
3.15500001113,0.154166658719,0.0433795127479,0.10000000000000001,8000,balanced,2.6826957952797272e-08,rbf,40000,"{'SVMR__class_weight': 'balanced', 'SVMR__C': 0.10000000000000001, 'SVMR__cache_size': 8000, 'SVMR__gamma': 2.6826957952797272e-08, 'SVMR__kernel': 'rbf', 'SVMR__max_iter': 40000}",115,0.0401785714286,0.0434782608696,0.047619047619,0.05,0.0526315789474,0.0263157894737,0.135931354449,0.0182521112782,0.00857545282085
3.18033325672,0.144333362579,0.0433795127479,0.10000000000000001,8000,balanced,1.389495494373136e-07,rbf,40000,"{'SVMR__class_weight': 'balanced', 'SVMR__C': 0.10000000000000001, 'SVMR__cache_size': 8000, 'SVMR__gamma': 1.389495494373136e-07, 'SVMR__kernel': 'rbf', 'SVMR__max_iter': 40000}",115,0.0401785714286,0.0434782608696,0.047619047619,0.05,0.0526315789474,0.0263157894737,0.143028779763,0.0152059518147,0.00857545282085
3.19716660182,0.142499963442,0.0433795127479,0.10000000000000001,8000,balanced,7.196856730011529e-07,rbf,40000,"{'SVMR__class_weight': 'balanced', 'SVMR__C': 0.10000000000000001, 'SVMR__cache_size': 8000, 'SVMR__gamma': 7.196856730011529e-07, 'SVMR__kernel': 'rbf', 'SVMR__max_iter': 40000}",115,0.0401785714286,0.0434782608696,0.047619047619,0.05,0.0526315789474,0.0263157894737,0.147956551144,0.0116583528102,0.00857545282085
3.2539999485,0.149166703224,0.0433795127479,0.10000000000000001,8000,balanced,3.7275937203149381e-06,rbf,40000,"{'SVMR__class_weight': 'balanced', 'SVMR__C': 0.10000000000000001, 'SVMR__cache_size': 8000, 'SVMR__gamma': 3.7275937203149381e-06, 'SVMR__kernel': 'rbf', 'SVMR__max_iter': 40000}",115,0.0401785714286,0.0434782608696,0.047619047619,0.05,0.0526315789474,0.0263157894737,0.227868328939,0.0210824416028,0.00857545282085
3.27233330409,0.173999985059,0.0433795127479,0.10000000000000001,8000,balanced,1.9306977288832496e-05,rbf,40000,"{'SVMR__class_weight': 'balanced', 'SVMR__C': 0.10000000000000001, 'SVMR__cache_size': 8000, 'SVMR__gamma': 1.9306977288832496e-05, 'SVMR__kernel': 'rbf', 'SVMR__max_iter': 40000}",115,0.0401785714286,0.0434782608696,0.047619047619,0.05,0.0526315789474,0.0263157894737,0.161830825448,0.011372450295,0.00857545282085
3.33083339532,0.159333308538,0.0440952518048,0.10000000000000001,8000,balanced,0.0001,rbf,40000,"{'SVMR__class_weight': 'balanced', 'SVMR__C': 0.10000000000000001, 'SVMR__cache_size': 8000, 'SVMR__gamma': 0.0001, 'SVMR__kernel': 'rbf', 'SVMR__max_iter': 40000}",109,0.0401785714286,0.0434782608696,0.047619047619,0.05,0.0526315789474,0.030701754386,0.201943431341,0.0150074572854,0.00719298051364
3.2653333346,0.163166642189,0.0449697377606,0.10000000000000001,8000,balanced,0.0005179474679231213,rbf,40000,"{'SVMR__class_weight': 'balanced', 'SVMR__C': 0.10000000000000001, 'SVMR__cache_size': 8000, 'SVMR__gamma': 0.0005179474679231213, 'SVMR__kernel': 'rbf', 'SVMR__max_iter': 40000}",103,0.0452806122449,0.0434782608696,0.047619047619,0.05,0.0526315789474,0.030701754386,0.134719030779,0.0129539551247,0.00697034734124
3.37233328819,0.166000008583,0.0812424944513,0.10000000000000001,8000,balanced,0.0026826957952797272,rbf,40000,"{'SVMR__class_weight': 'balanced', 'SVMR__C': 0.10000000000000001, 'SVMR__cache_size': 8000, 'SVMR__gamma': 0.0026826957952797272, 'SVMR__kernel': 'rbf', 'SVMR__max_iter': 40000}",53,0.0757270801233,0.0576193520887,0.0508658008658,0.10992014742,0.105263157895,0.0894532843737,0.262668077907,0.0162685797285,0.022250792891
2.98566671213,0.197166641553,0.0867966586594,0.10000000000000001,8000,balanced,0.013894954943731389,rbf,40000,"{'SVMR__class_weight': 'balanced', 'SVMR__C': 0.10000000000000001, 'SVMR__cache_size': 8000, 'SVMR__gamma': 0.013894954943731389, 'SVMR__kernel': 'rbf', 'SVMR__max_iter': 40000}",49,0.0848078312542,0.0426203485347,0.0728723805216,0.147050069065,0.0808372496935,0.0940107791492,0.227527063273,0.0332987209499,0.0312786350286
2.67616665363,0.178666710854,0.120168053294,0.10000000000000001,8000,balanced,0.071968567300115291,rbf,40000,"{'SVMR__class_weight': 'balanced', 'SVMR__C': 0.10000000000000001, 'SVMR__cache_size': 8000, 'SVMR__gamma': 0.071968567300115291, 'SVMR__kernel': 'rbf', 'SVMR__max_iter': 40000}",42,0.0861006821607,0.117742448088,0.163442527622,0.146644668688,0.103933937581,0.10378256129,0.118857623085,0.0234639199326,0.0267351088343
2.89933335781,0.182666619619,0.164463896362,0.10000000000000001,8000,balanced,0.37275937203149379,rbf,40000,"{'SVMR__class_weight': 'balanced', 'SVMR__C': 0.10000000000000001, 'SVMR__cache_size': 8000, 'SVMR__gamma': 0.37275937203149379, 'SVMR__kernel': 'rbf', 'SVMR__max_iter': 40000}",19,0.11596068518,0.117964167749,0.201083680716,0.228310653646,0.11234927684,0.214055213336,0.176852664116,0.0115998332199,0.0501352632055
3.48916665713,0.151500026385,0.142058243733,0.10000000000000001,8000,balanced,1.9306977288832536,rbf,40000,"{'SVMR__class_weight': 'balanced', 'SVMR__C': 0.10000000000000001, 'SVMR__cache_size': 8000, 'SVMR__gamma': 1.9306977288832536, 'SVMR__kernel': 'rbf', 'SVMR__max_iter': 40000}",28,0.0997897400353,0.158544622745,0.160902198962,0.155116157542,0.11901090724,0.159993195465,0.138952520683,0.0133010496829,0.024067046723
4.14950005213,0.170333345731,0.0904210158174,0.10000000000000001,8000,balanced,10.0,rbf,40000,"{'SVMR__class_weight': 'balanced', 'SVMR__C': 0.10000000000000001, 'SVMR__cache_size': 8000, 'SVMR__gamma': 10.0, 'SVMR__kernel': 'rbf', 'SVMR__max_iter': 40000}",48,0.0702422097871,0.104554865424,0.0674603174603,0.0905303030303,0.088038277512,0.122642396196,0.253377027776,0.017904035685,0.0190231986329
3.32049997648,0.171666701635,0.0447615547071,0.20000000000000001,8000,balanced,1.0000000000000001e-09,rbf,40000,"{'SVMR__class_weight': 'balanced', 'SVMR__C': 0.20000000000000001, 'SVMR__cache_size': 8000, 'SVMR__gamma': 1.0000000000000001e-09, 'SVMR__kernel': 'rbf', 'SVMR__max_iter': 40000}",105,0.0357142857143,0.0434782608696,0.047619047619,0.05,0.0526315789474,0.0394736842105,0.182221244998,0.0180615979141,0.00590903478274
3.44133329391,0.166000048319,0.0410839871138,0.20000000000000001,8000,balanced,5.1794746792312025e-09,rbf,40000,"{'SVMR__class_weight': 'balanced', 'SVMR__C': 0.20000000000000001, 'SVMR__cache_size': 8000, 'SVMR__gamma': 5.1794746792312025e-09, 'SVMR__kernel': 'rbf', 'SVMR__max_iter': 40000}",134,0.0267857142857,0.0434782608696,0.047619047619,0.05,0.0526315789474,0.0263157894737,0.203431961188,0.0167829284021,0.0106634087296
3.34266666571,0.165166695913,0.0433795127479,0.20000000000000001,8000,balanced,2.6826957952797272e-08,rbf,40000,"{'SVMR__class_weight': 'balanced', 'SVMR__C': 0.20000000000000001, 'SVMR__cache_size': 8000, 'SVMR__gamma': 2.6826957952797272e-08, 'SVMR__kernel': 'rbf', 'SVMR__max_iter': 40000}",115,0.0401785714286,0.0434782608696,0.047619047619,0.05,0.0526315789474,0.0263157894737,0.112972968698,0.0216133585561,0.00857545282085
3.71083339055,0.18616660436,0.0433795127479,0.20000000000000001,8000,balanced,1.389495494373136e-07,rbf,40000,"{'SVMR__class_weight': 'balanced', 'SVMR__C': 0.20000000000000001, 'SVMR__cache_size': 8000, 'SVMR__gamma': 1.389495494373136e-07, 'SVMR__kernel': 'rbf', 'SVMR__max_iter': 40000}",115,0.0401785714286,0.0434782608696,0.047619047619,0.05,0.0526315789474,0.0263157894737,0.33663942226,0.0206027534189,0.00857545282085
3.59366659323,0.163833379745,0.0433795127479,0.20000000000000001,8000,balanced,7.196856730011529e-07,rbf,40000,"{'SVMR__class_weight': 'balanced', 'SVMR__C': 0.20000000000000001, 'SVMR__cache_size': 8000, 'SVMR__gamma': 7.196856730011529e-07, 'SVMR__kernel': 'rbf', 'SVMR__max_iter': 40000}",115,0.0401785714286,0.0434782608696,0.047619047619,0.05,0.0526315789474,0.0263157894737,0.10084920629,0.0211614377081,0.00857545282085
3.51333336035,0.170666694641,0.0433795127479,0.20000000000000001,8000,balanced,3.7275937203149381e-06,rbf,40000,"{'SVMR__class_weight': 'balanced', 'SVMR__C': 0.20000000000000001, 'SVMR__cache_size': 8000, 'SVMR__gamma': 3.7275937203149381e-06, 'SVMR__kernel': 'rbf', 'SVMR__max_iter': 40000}",115,0.0401785714286,0.0434782608696,0.047619047619,0.05,0.0526315789474,0.0263157894737,0.209503044255,0.0238444179468,0.00857545282085
3.52933331331,0.169999996821,0.0440952518048,0.20000000000000001,8000,balanced,1.9306977288832496e-05,rbf,40000,"{'SVMR__class_weight': 'balanced', 'SVMR__C': 0.20000000000000001, 'SVMR__cache_size': 8000, 'SVMR__gamma': 1.9306977288832496e-05, 'SVMR__kernel': 'rbf', 'SVMR__max_iter': 40000}",109,0.0401785714286,0.0434782608696,0.047619047619,0.05,0.0526315789474,0.030701754386,0.18837966569,0.0202977919632,0.00719298051364
3.48633333047,0.181166648865,0.0440952518048,0.20000000000000001,8000,balanced,0.0001,rbf,40000,"{'SVMR__class_weight': 'balanced', 'SVMR__C': 0.20000000000000001, 'SVMR__cache_size': 8000, 'SVMR__gamma': 0.0001, 'SVMR__kernel': 'rbf', 'SVMR__max_iter': 40000}",109,0.0401785714286,0.0434782608696,0.047619047619,0.05,0.0526315789474,0.030701754386,0.167778366884,0.0115096866802,0.00719298051364
3.52383335431,0.173166672389,0.0656613849158,0.20000000000000001,8000,balanced,0.0005179474679231213,rbf,40000,"{'SVMR__class_weight': 'balanced', 'SVMR__C': 0.20000000000000001, 'SVMR__cache_size': 8000, 'SVMR__gamma': 0.0005179474679231213, 'SVMR__kernel': 'rbf', 'SVMR__max_iter': 40000}",64,0.0517857142857,0.041847826087,0.0519480519481,0.0616093366093,0.105263157895,0.0833333333333,0.184195037919,0.00847368626677,0.0217080233696
3.21516664823,0.17733335495,0.0859900209883,0.20000000000000001,8000,balanced,0.0026826957952797272,rbf,40000,"{'SVMR__class_weight': 'balanced', 'SVMR__C': 0.20000000000000001, 'SVMR__cache_size': 8000, 'SVMR__gamma': 0.0026826957952797272, 'SVMR__kernel': 'rbf', 'SVMR__max_iter': 40000}",50,0.106189008731,0.0554439166971,0.0551444616743,0.109376489787,0.0920659858602,0.0982476953106,0.158250309649,0.0100775200772,0.0225327648472
2.5823332866,0.161166667938,0.0822324509223,0.20000000000000001,8000,balanced,0.013894954943731389,rbf,40000,"{'SVMR__class_weight': 'balanced', 'SVMR__C': 0.20000000000000001, 'SVMR__cache_size': 8000, 'SVMR__gamma': 0.013894954943731389, 'SVMR__kernel': 'rbf', 'SVMR__max_iter': 40000}",52,0.0771535298741,0.0777711288519,0.110101817751,0.0961569883608,0.0538134289502,0.0781908020507,0.0920229359223,0.0169254468173,0.0174430423833
2.33316663901,0.15566666921,0.137090189769,0.20000000000000001,8000,balanced,0.071968567300115291,rbf,40000,"{'SVMR__class_weight': 'balanced', 'SVMR__C': 0.20000000000000001, 'SVMR__cache_size': 8000, 'SVMR__gamma': 0.071968567300115291, 'SVMR__kernel': 'rbf', 'SVMR__max_iter': 40000}",29,0.13068349301,0.112328614802,0.173548035033,0.167935999979,0.121275717827,0.116991932631,0.101648746401,0.0148735654768,0.024426506856
3.02366669973,0.198833266894,0.174952715621,0.20000000000000001,8000,balanced,0.37275937203149379,rbf,40000,"{'SVMR__class_weight': 'balanced', 'SVMR__C': 0.20000000000000001, 'SVMR__cache_size': 8000, 'SVMR__gamma': 0.37275937203149379, 'SVMR__kernel': 'rbf', 'SVMR__max_iter': 40000}",7,0.140496869815,0.163204219528,0.211696941838,0.174097205913,0.137850449072,0.223968211448,0.311204460097,0.0428113657373,0.0327050731737
3.65283338229,0.181833267212,0.144664697307,0.20000000000000001,8000,balanced,1.9306977288832536,rbf,40000,"{'SVMR__class_weight': 'balanced', 'SVMR__C': 0.20000000000000001, 'SVMR__cache_size': 8000, 'SVMR__gamma': 1.9306977288832536, 'SVMR__kernel': 'rbf', 'SVMR__max_iter': 40000}",27,0.0957170528834,0.16361719638,0.135978149717,0.163584218343,0.129370136219,0.181437538171,0.109319716163,0.0155179204542,0.0283253574877
4.49450000127,0.186833341916,0.123215305461,0.20000000000000001,8000,balanced,10.0,rbf,40000,"{'SVMR__class_weight': 'balanced', 'SVMR__C': 0.20000000000000001, 'SVMR__cache_size': 8000, 'SVMR__gamma': 10.0, 'SVMR__kernel': 'rbf', 'SVMR__max_iter': 40000}",36,0.0885578448537,0.131392491333,0.144372294372,0.122354627355,0.0934127072438,0.160312165089,0.213113189357,0.00885839967001,0.0257302931026
3.3043333292,0.169999957085,0.041254167969,0.30000000000000004,8000,balanced,1.0000000000000001e-09,rbf,40000,"{'SVMR__class_weight': 'balanced', 'SVMR__C': 0.30000000000000004, 'SVMR__cache_size': 8000, 'SVMR__gamma': 1.0000000000000001e-09, 'SVMR__kernel': 'rbf', 'SVMR__max_iter': 40000}",133,0.0357142857143,0.0434782608696,0.0,0.0637931034483,0.0526315789474,0.0526315789474,0.118457700006,0.0153947751825,0.0203944457153
3.57266672452,0.186166683833,0.0408242226431,0.30000000000000004,8000,balanced,5.1794746792312025e-09,rbf,40000,"{'SVMR__class_weight': 'balanced', 'SVMR__C': 0.30000000000000004, 'SVMR__cache_size': 8000, 'SVMR__gamma': 5.1794746792312025e-09, 'SVMR__kernel': 'rbf', 'SVMR__max_iter': 40000}",137,0.0357142857143,0.0434782608696,0.0,0.0629310344828,0.0508771929825,0.0526315789474,0.283372315853,0.0398974278782,0.020085131592
3.74433334668,0.184500018756,0.0408242226431,0.30000000000000004,8000,balanced,2.6826957952797272e-08,rbf,40000,"{'SVMR__class_weight': 'balanced', 'SVMR__C': 0.30000000000000004, 'SVMR__cache_size': 8000, 'SVMR__gamma': 2.6826957952797272e-08, 'SVMR__kernel': 'rbf', 'SVMR__max_iter': 40000}",137,0.0357142857143,0.0434782608696,0.0,0.0629310344828,0.0508771929825,0.0526315789474,0.222455816096,0.0107510379769,0.020085131592
3.48849999905,0.171833395958,0.0408242226431,0.30000000000000004,8000,balanced,1.389495494373136e-07,rbf,40000,"{'SVMR__class_weight': 'balanced', 'SVMR__C': 0.30000000000000004, 'SVMR__cache_size': 8000, 'SVMR__gamma': 1.389495494373136e-07, 'SVMR__kernel': 'rbf', 'SVMR__max_iter': 40000}",137,0.0357142857143,0.0434782608696,0.0,0.0629310344828,0.0508771929825,0.0526315789474,0.0801680590026,0.00715116389231,0.020085131592
3.3360000054,0.167166630427,0.0408242226431,0.30000000000000004,8000,balanced,7.196856730011529e-07,rbf,40000,"{'SVMR__class_weight': 'balanced', 'SVMR__C': 0.30000000000000004, 'SVMR__cache_size': 8000, 'SVMR__gamma': 7.196856730011529e-07, 'SVMR__kernel': 'rbf', 'SVMR__max_iter': 40000}",137,0.0357142857143,0.0434782608696,0.0,0.0629310344828,0.0508771929825,0.0526315789474,0.169827429869,0.0093704626112,0.020085131592
3.30449998379,0.158666690191,0.0408242226431,0.30000000000000004,8000,balanced,3.7275937203149381e-06,rbf,40000,"{'SVMR__class_weight': 'balanced', 'SVMR__C': 0.30000000000000004, 'SVMR__cache_size': 8000, 'SVMR__gamma': 3.7275937203149381e-06, 'SVMR__kernel': 'rbf', 'SVMR__max_iter': 40000}",137,0.0357142857143,0.0434782608696,0.0,0.0629310344828,0.0508771929825,0.0526315789474,0.167276957883,0.00823948025742,0.020085131592
3.27933335304,0.163333336512,0.0408242226431,0.30000000000000004,8000,balanced,1.9306977288832496e-05,rbf,40000,"{'SVMR__class_weight': 'balanced', 'SVMR__C': 0.30000000000000004, 'SVMR__cache_size': 8000, 'SVMR__gamma': 1.9306977288832496e-05, 'SVMR__kernel': 'rbf', 'SVMR__max_iter': 40000}",137,0.0357142857143,0.0434782608696,0.0,0.0629310344828,0.0508771929825,0.0526315789474,0.176131203147,0.0208620161541,0.020085131592
3.33683331807,0.173833370209,0.0408242226431,0.30000000000000004,8000,balanced,0.0001,rbf,40000,"{'SVMR__class_weight': 'balanced', 'SVMR__C': 0.30000000000000004, 'SVMR__cache_size': 8000, 'SVMR__gamma': 0.0001, 'SVMR__kernel': 'rbf', 'SVMR__max_iter': 40000}",137,0.0357142857143,0.0434782608696,0.0,0.0629310344828,0.0508771929825,0.0526315789474,0.206417389426,0.0106209482489,0.020085131592
3.34216658274,0.169166684151,0.0570598055025,0.30000000000000004,8000,balanced,0.0005179474679231213,rbf,40000,"{'SVMR__class_weight': 'balanced', 'SVMR__C': 0.30000000000000004, 'SVMR__cache_size': 8000, 'SVMR__gamma': 0.0005179474679231213, 'SVMR__kernel': 'rbf', 'SVMR__max_iter': 40000}",68,0.0642857142857,0.0665395118991,0.00952380952381,0.0516666666667,0.0526315789474,0.0980533525595,0.182370885983,0.0127725335051,0.026133016664
2.92516668638,0.15616663297,0.0763991525078,0.30000000000000004,8000,balanced,0.0026826957952797272,rbf,40000,"{'SVMR__class_weight': 'balanced', 'SVMR__C': 0.30000000000000004, 'SVMR__cache_size': 8000, 'SVMR__gamma': 0.0026826957952797272, 'SVMR__kernel': 'rbf', 'SVMR__max_iter': 40000}",58,0.0851453081232,0.0661805071912,0.066565710409,0.0680888660148,0.0768843987922,0.0958057475222,0.139570053641,0.0151592537023,0.010947625222
2.41700001558,0.163000027339,0.0967150883112,0.30000000000000004,8000,balanced,0.013894954943731389,rbf,40000,"{'SVMR__class_weight': 'balanced', 'SVMR__C': 0.30000000000000004, 'SVMR__cache_size': 8000, 'SVMR__gamma': 0.013894954943731389, 'SVMR__kernel': 'rbf', 'SVMR__max_iter': 40000}",47,0.0866842081407,0.0813930365149,0.13399915889,0.108358194642,0.0900173057717,0.0800536286949,0.0688573172521,0.0219848150678,0.0190719940379
2.3101666371,0.180833339691,0.147763931876,0.30000000000000004,8000,balanced,0.071968567300115291,rbf,40000,"{'SVMR__class_weight': 'balanced', 'SVMR__C': 0.30000000000000004, 'SVMR__cache_size': 8000, 'SVMR__gamma': 0.071968567300115291, 'SVMR__kernel': 'rbf', 'SVMR__max_iter': 40000}",26,0.137331785996,0.117032732691,0.175102170861,0.194736941653,0.130186456465,0.132852201255,0.127199868625,0.0146902930815,0.0274762740123
2.86749994755,0.164166649183,0.171552635346,0.30000000000000004,8000,balanced,0.37275937203149379,rbf,40000,"{'SVMR__class_weight': 'balanced', 'SVMR__C': 0.30000000000000004, 'SVMR__cache_size': 8000, 'SVMR__gamma': 0.37275937203149379, 'SVMR__kernel': 'rbf', 'SVMR__max_iter': 40000}",15,0.140261374036,0.16776489934,0.205222943223,0.173861954007,0.15602979174,0.187230287787,0.198874943537,0.0203258096842,0.0209671220666
3.57066659133,0.174666722616,0.157997035751,0.30000000000000004,8000,balanced,1.9306977288832536,rbf,40000,"{'SVMR__class_weight': 'balanced', 'SVMR__C': 0.30000000000000004, 'SVMR__cache_size': 8000, 'SVMR__gamma': 1.9306977288832536, 'SVMR__kernel': 'rbf', 'SVMR__max_iter': 40000}",25,0.104093770036,0.1661912258,0.150607662895,0.186645652074,0.155302452245,0.187333023706,0.108837254692,0.0235773309769,0.0282090889628
4.94149998824,0.183666666349,0.114546772633,0.30000000000000004,8000,balanced,10.0,rbf,40000,"{'SVMR__class_weight': 'balanced', 'SVMR__C': 0.30000000000000004, 'SVMR__cache_size': 8000, 'SVMR__gamma': 10.0, 'SVMR__kernel': 'rbf', 'SVMR__max_iter': 40000}",45,0.0896112933166,0.125490265578,0.104978354978,0.122092476489,0.113266936442,0.132771067405,0.255535819625,0.018731993731,0.014353534128
3.28916668892,0.172666708628,0.0447615547071,0.40000000000000002,8000,balanced,1.0000000000000001e-09,rbf,40000,"{'SVMR__class_weight': 'balanced', 'SVMR__C': 0.40000000000000002, 'SVMR__cache_size': 8000, 'SVMR__gamma': 1.0000000000000001e-09, 'SVMR__kernel': 'rbf', 'SVMR__max_iter': 40000}",105,0.0357142857143,0.0434782608696,0.047619047619,0.05,0.0526315789474,0.0394736842105,0.0768361957842,0.0177075188484,0.00590903478274
3.45300002893,0.220666607221,0.0410839871138,0.40000000000000002,8000,balanced,5.1794746792312025e-09,rbf,40000,"{'SVMR__class_weight': 'balanced', 'SVMR__C': 0.40000000000000002, 'SVMR__cache_size': 8000, 'SVMR__gamma': 5.1794746792312025e-09, 'SVMR__kernel': 'rbf', 'SVMR__max_iter': 40000}",134,0.0267857142857,0.0434782608696,0.047619047619,0.05,0.0526315789474,0.0263157894737,0.251809381042,0.0487089103729,0.0106634087296
4.10850000381,0.270499984423,0.0433795127479,0.40000000000000002,8000,balanced,2.6826957952797272e-08,rbf,40000,"{'SVMR__class_weight': 'balanced', 'SVMR__C': 0.40000000000000002, 'SVMR__cache_size': 8000, 'SVMR__gamma': 2.6826957952797272e-08, 'SVMR__kernel': 'rbf', 'SVMR__max_iter': 40000}",115,0.0401785714286,0.0434782608696,0.047619047619,0.05,0.0526315789474,0.0263157894737,0.404278647003,0.0594495571328,0.00857545282085
4.60183330377,0.192833383878,0.0433795127479,0.40000000000000002,8000,balanced,1.389495494373136e-07,rbf,40000,"{'SVMR__class_weight': 'balanced', 'SVMR__C': 0.40000000000000002, 'SVMR__cache_size': 8000, 'SVMR__gamma': 1.389495494373136e-07, 'SVMR__kernel': 'rbf', 'SVMR__max_iter': 40000}",115,0.0401785714286,0.0434782608696,0.047619047619,0.05,0.0526315789474,0.0263157894737,0.523726453088,0.0231402369,0.00857545282085
3.70883337657,0.174333294233,0.0433795127479,0.40000000000000002,8000,balanced,7.196856730011529e-07,rbf,40000,"{'SVMR__class_weight': 'balanced', 'SVMR__C': 0.40000000000000002, 'SVMR__cache_size': 8000, 'SVMR__gamma': 7.196856730011529e-07, 'SVMR__kernel': 'rbf', 'SVMR__max_iter': 40000}",115,0.0401785714286,0.0434782608696,0.047619047619,0.05,0.0526315789474,0.0263157894737,0.216442009273,0.0370345759607,0.00857545282085
4.20283337434,0.226666649183,0.0433795127479,0.40000000000000002,8000,balanced,3.7275937203149381e-06,rbf,40000,"{'SVMR__class_weight': 'balanced', 'SVMR__C': 0.40000000000000002, 'SVMR__cache_size': 8000, 'SVMR__gamma': 3.7275937203149381e-06, 'SVMR__kernel': 'rbf', 'SVMR__max_iter': 40000}",115,0.0401785714286,0.0434782608696,0.047619047619,0.05,0.0526315789474,0.0263157894737,0.51509721951,0.0586733272125,0.00857545282085
4.55833339691,0.201333324114,0.0440952518048,0.40000000000000002,8000,balanced,1.9306977288832496e-05,rbf,40000,"{'SVMR__class_weight': 'balanced', 'SVMR__C': 0.40000000000000002, 'SVMR__cache_size': 8000, 'SVMR__gamma': 1.9306977288832496e-05, 'SVMR__kernel': 'rbf', 'SVMR__max_iter': 40000}",109,0.0401785714286,0.0434782608696,0.047619047619,0.05,0.0526315789474,0.030701754386,0.236188208184,0.0474505672961,0.00719298051364
4.45966668924,0.242833336194,0.0440952518048,0.40000000000000002,8000,balanced,0.0001,rbf,40000,"{'SVMR__class_weight': 'balanced', 'SVMR__C': 0.40000000000000002, 'SVMR__cache_size': 8000, 'SVMR__gamma': 0.0001, 'SVMR__kernel': 'rbf', 'SVMR__max_iter': 40000}",109,0.0401785714286,0.0434782608696,0.047619047619,0.05,0.0526315789474,0.030701754386,0.216618463898,0.0222816160917,0.00719298051364
4.20633331935,0.192499955495,0.0775515946184,0.40000000000000002,8000,balanced,0.0005179474679231213,rbf,40000,"{'SVMR__class_weight': 'balanced', 'SVMR__C': 0.40000000000000002, 'SVMR__cache_size': 8000, 'SVMR__gamma': 0.0005179474679231213, 'SVMR__kernel': 'rbf', 'SVMR__max_iter': 40000}",56,0.0560064935065,0.0572570332481,0.0519480519481,0.0960380835381,0.105263157895,0.100877192982,0.191023221144,0.0356218805655,0.0230168075137
3.46233332157,0.192500034968,0.0794127026017,0.40000000000000002,8000,balanced,0.0026826957952797272,rbf,40000,"{'SVMR__class_weight': 'balanced', 'SVMR__C': 0.40000000000000002, 'SVMR__cache_size': 8000, 'SVMR__gamma': 0.0026826957952797272, 'SVMR__kernel': 'rbf', 'SVMR__max_iter': 40000}",55,0.0751635002129,0.0322613235017,0.0696326269087,0.13339643918,0.0750911633364,0.092567217976,0.121682139469,0.0267191518536,0.0301520084649
2.6576666832,0.175999999046,0.113445152244,0.40000000000000002,8000,balanced,0.013894954943731389,rbf,40000,"{'SVMR__class_weight': 'balanced', 'SVMR__C': 0.40000000000000002, 'SVMR__cache_size': 8000, 'SVMR__gamma': 0.013894954943731389, 'SVMR__kernel': 'rbf', 'SVMR__max_iter': 40000}",46,0.0904819803209,0.105959768603,0.155861118252,0.133105515186,0.0961500402025,0.0995020229796,0.0774954369615,0.00901848473661,0.0233292027224
2.25116666158,0.158499995867,0.160954148339,0.40000000000000002,8000,balanced,0.071968567300115291,rbf,40000,"{'SVMR__class_weight': 'balanced', 'SVMR__C': 0.40000000000000002, 'SVMR__cache_size': 8000, 'SVMR__gamma': 0.071968567300115291, 'SVMR__kernel': 'rbf', 'SVMR__max_iter': 40000}",22,0.133142917993,0.108684211063,0.209607871279,0.213634178662,0.136388186255,0.166169228868,0.0248959105383,0.0166707674549,0.0394016440501
2.70616666476,0.209666649501,0.173696840338,0.40000000000000002,8000,balanced,0.37275937203149379,rbf,40000,"{'SVMR__class_weight': 'balanced', 'SVMR__C': 0.40000000000000002, 'SVMR__cache_size': 8000, 'SVMR__gamma': 0.37275937203149379, 'SVMR__kernel': 'rbf', 'SVMR__max_iter': 40000}",10,0.144009515086,0.165831479717,0.200872730992,0.185692826078,0.162827062028,0.184079382831,0.18369306069,0.0604004341472,0.0185832234076
3.51466663678,0.193333307902,0.159442042164,0.40000000000000002,8000,balanced,1.9306977288832536,rbf,40000,"{'SVMR__class_weight': 'balanced', 'SVMR__C': 0.40000000000000002, 'SVMR__cache_size': 8000, 'SVMR__gamma': 1.9306977288832536, 'SVMR__kernel': 'rbf', 'SVMR__max_iter': 40000}",24,0.10500528769,0.167941629543,0.15840601623,0.181656302505,0.14885455244,0.196975549742,0.0682291886642,0.0264680353435,0.0291575189871
5.29266667366,0.192833304405,0.12049943678,0.40000000000000002,8000,balanced,10.0,rbf,40000,"{'SVMR__class_weight': 'balanced', 'SVMR__C': 0.40000000000000002, 'SVMR__cache_size': 8000, 'SVMR__gamma': 10.0, 'SVMR__kernel': 'rbf', 'SVMR__max_iter': 40000}",41,0.0907114385344,0.128359532006,0.120256132756,0.133613758166,0.110963069137,0.140158497199,0.337298500351,0.0309376647758,0.016400339635
3.59749992688,0.213666717211,0.0558697424259,0.5,8000,balanced,1.0000000000000001e-09,rbf,40000,"{'SVMR__class_weight': 'balanced', 'SVMR__C': 0.5, 'SVMR__cache_size': 8000, 'SVMR__gamma': 1.0000000000000001e-09, 'SVMR__kernel': 'rbf', 'SVMR__max_iter': 40000}",71,0.0357142857143,0.0434782608696,0.047619047619,0.05,0.0701754385965,0.0899259356361,0.169886939594,0.0460133060087,0.0183174002425
3.64616664251,0.171499967575,0.0469087718776,0.5,8000,balanced,5.1794746792312025e-09,rbf,40000,"{'SVMR__class_weight': 'balanced', 'SVMR__C': 0.5, 'SVMR__cache_size': 8000, 'SVMR__gamma': 5.1794746792312025e-09, 'SVMR__kernel': 'rbf', 'SVMR__max_iter': 40000}",101,0.0357142857143,0.0434782608696,0.047619047619,0.05,0.0526315789474,0.0526315789474,0.173061981882,0.0153813082154,0.00598753666725
4.20066666603,0.238833387693,0.0542463806843,0.5,8000,balanced,2.6826957952797272e-08,rbf,40000,"{'SVMR__class_weight': 'balanced', 'SVMR__C': 0.5, 'SVMR__cache_size': 8000, 'SVMR__gamma': 2.6826957952797272e-08, 'SVMR__kernel': 'rbf', 'SVMR__max_iter': 40000}",81,0.0434362934363,0.0434782608696,0.047619047619,0.05,0.0631578947368,0.0789145965786,0.454815940667,0.0598231448715,0.0127404905717
4.3288333416,0.193666617076,0.0470823340945,0.5,8000,balanced,1.389495494373136e-07,rbf,40000,"{'SVMR__class_weight': 'balanced', 'SVMR__C': 0.5, 'SVMR__cache_size': 8000, 'SVMR__gamma': 1.389495494373136e-07, 'SVMR__kernel': 'rbf', 'SVMR__max_iter': 40000}",100,0.0434362934363,0.0434782608696,0.047619047619,0.05,0.0456140350877,0.0526315789474,0.200738096184,0.0355371366346,0.00336390460657
4.20116662979,0.171666701635,0.0530177344091,0.5,8000,balanced,7.196856730011529e-07,rbf,40000,"{'SVMR__class_weight': 'balanced', 'SVMR__C': 0.5, 'SVMR__cache_size': 8000, 'SVMR__gamma': 7.196856730011529e-07, 'SVMR__kernel': 'rbf', 'SVMR__max_iter': 40000}",86,0.046332046332,0.0434782608696,0.047619047619,0.05,0.0526315789474,0.0789145965786,0.182392819967,0.0156702168616,0.0117868733767
3.91316668193,0.173999985059,0.0530177344091,0.5,8000,balanced,3.7275937203149381e-06,rbf,40000,"{'SVMR__class_weight': 'balanced', 'SVMR__C': 0.5, 'SVMR__cache_size': 8000, 'SVMR__gamma': 3.7275937203149381e-06, 'SVMR__kernel': 'rbf', 'SVMR__max_iter': 40000}",86,0.046332046332,0.0434782608696,0.047619047619,0.05,0.0526315789474,0.0789145965786,0.046548910105,0.0158325082802,0.0117868733767
4.24933334192,0.224666635195,0.0518677503145,0.5,8000,balanced,1.9306977288832496e-05,rbf,40000,"{'SVMR__class_weight': 'balanced', 'SVMR__C': 0.5, 'SVMR__cache_size': 8000, 'SVMR__gamma': 1.9306977288832496e-05, 'SVMR__kernel': 'rbf', 'SVMR__max_iter': 40000}",90,0.046332046332,0.0434782608696,0.047619047619,0.05,0.0456140350877,0.0789145965786,0.395213692773,0.0199638390485,0.0121064499207
4.23066667716,0.213166673978,0.05492845116,0.5,8000,balanced,0.0001,rbf,40000,"{'SVMR__class_weight': 'balanced', 'SVMR__C': 0.5, 'SVMR__cache_size': 8000, 'SVMR__gamma': 0.0001, 'SVMR__kernel': 'rbf', 'SVMR__max_iter': 40000}",80,0.0641891891892,0.0434782608696,0.047619047619,0.05,0.0456140350877,0.0789145965786,0.159530237685,0.026854029004,0.0125685060583
4.14883331458,0.197333335876,0.0654894237754,0.5,8000,balanced,0.0005179474679231213,rbf,40000,"{'SVMR__class_weight': 'balanced', 'SVMR__C': 0.5, 'SVMR__cache_size': 8000, 'SVMR__gamma': 0.0005179474679231213, 'SVMR__kernel': 'rbf', 'SVMR__max_iter': 40000}",65,0.0647143992732,0.0904731457801,0.0499458874459,0.0728378378378,0.0526315789474,0.0616648682914,0.239132694656,0.0349077904679,0.0135895351263
3.34283336004,0.1893333594,0.0500903630776,0.5,8000,balanced,0.0026826957952797272,rbf,40000,"{'SVMR__class_weight': 'balanced', 'SVMR__C': 0.5, 'SVMR__cache_size': 8000, 'SVMR__gamma': 0.0026826957952797272, 'SVMR__kernel': 'rbf', 'SVMR__max_iter': 40000}",93,0.0786203290066,0.0394750658137,0.0920424931619,0.0331523356112,0.0223408937288,0.0333483300497,0.0467596922726,0.0321749156364,0.0259075029544
2.50799997648,0.183333357175,0.117599167958,0.5,8000,balanced,0.013894954943731389,rbf,40000,"{'SVMR__class_weight': 'balanced', 'SVMR__C': 0.5, 'SVMR__cache_size': 8000, 'SVMR__gamma': 0.013894954943731389, 'SVMR__kernel': 'rbf', 'SVMR__max_iter': 40000}",44,0.0861639642561,0.108081839523,0.162006299411,0.14711603923,0.10052135748,0.102435606819,0.0699809584559,0.0278666507248,0.0272502718798
2.25299998124,0.172666668892,0.168676546327,0.5,8000,balanced,0.071968567300115291,rbf,40000,"{'SVMR__class_weight': 'balanced', 'SVMR__C': 0.5, 'SVMR__cache_size': 8000, 'SVMR__gamma': 0.071968567300115291, 'SVMR__kernel': 'rbf', 'SVMR__max_iter': 40000}",18,0.122801935518,0.130900917423,0.224311555968,0.217342042214,0.142834269458,0.176011259877,0.0486072259501,0.0112200408355,0.0403498936883
2.63216670354,0.182833353678,0.179854437618,0.5,8000,balanced,0.37275937203149379,rbf,40000,"{'SVMR__class_weight': 'balanced', 'SVMR__C': 0.5, 'SVMR__cache_size': 8000, 'SVMR__gamma': 0.37275937203149379, 'SVMR__kernel': 'rbf', 'SVMR__max_iter': 40000}",6,0.148386372074,0.16062222591,0.199772442392,0.171954831991,0.161304048246,0.239195644216,0.109908174922,0.0131455238822,0.0306584487257
3.77066667875,0.177166700363,0.159938916387,0.5,8000,balanced,1.9306977288832536,rbf,40000,"{'SVMR__class_weight': 'balanced', 'SVMR__C': 0.5, 'SVMR__cache_size': 8000, 'SVMR__gamma': 1.9306977288832536, 'SVMR__kernel': 'rbf', 'SVMR__max_iter': 40000}",23,0.116855627788,0.17782164858,0.151724181187,0.187734874219,0.126474939718,0.200440521533,0.241221011898,0.0190298875623,0.0310245746355
5.25666670005,0.196333368619,0.125237129009,0.5,8000,balanced,10.0,rbf,40000,"{'SVMR__class_weight': 'balanced', 'SVMR__C': 0.5, 'SVMR__cache_size': 8000, 'SVMR__gamma': 10.0, 'SVMR__kernel': 'rbf', 'SVMR__max_iter': 40000}",35,0.0901401166395,0.138964702394,0.124405031121,0.137735196429,0.106974020377,0.154359604773,0.157176829502,0.0293011543787,0.0214963869847
3.53633332253,0.170166651408,0.0448784651838,0.59999999999999998,8000,balanced,1.0000000000000001e-09,rbf,40000,"{'SVMR__class_weight': 'balanced', 'SVMR__C': 0.59999999999999998, 'SVMR__cache_size': 8000, 'SVMR__gamma': 1.0000000000000001e-09, 'SVMR__kernel': 'rbf', 'SVMR__max_iter': 40000}",104,0.0385714285714,0.0434782608696,0.0152380952381,0.05,0.0701754385965,0.0526315789474,0.20003721396,0.0213652026136,0.0165087181603
3.52233330409,0.177166700363,0.0534931253374,0.59999999999999998,8000,balanced,5.1794746792312025e-09,rbf,40000,"{'SVMR__class_weight': 'balanced', 'SVMR__C': 0.59999999999999998, 'SVMR__cache_size': 8000, 'SVMR__gamma': 5.1794746792312025e-09, 'SVMR__kernel': 'rbf', 'SVMR__max_iter': 40000}",83,0.0442857142857,0.0434782608696,0.0438095238095,0.05,0.0877192982456,0.0526315789474,0.177311062952,0.0344355264705,0.0155330706502
3.92449998856,0.222666660945,0.0534931253374,0.59999999999999998,8000,balanced,2.6826957952797272e-08,rbf,40000,"{'SVMR__class_weight': 'balanced', 'SVMR__C': 0.59999999999999998, 'SVMR__cache_size': 8000, 'SVMR__gamma': 2.6826957952797272e-08, 'SVMR__kernel': 'rbf', 'SVMR__max_iter': 40000}",83,0.0442857142857,0.0434782608696,0.0438095238095,0.05,0.0877192982456,0.0526315789474,0.383348649977,0.0406352362024,0.0155330706502
4.22083338102,0.173166672389,0.047743204864,0.59999999999999998,8000,balanced,1.389495494373136e-07,rbf,40000,"{'SVMR__class_weight': 'balanced', 'SVMR__C': 0.59999999999999998, 'SVMR__cache_size': 8000, 'SVMR__gamma': 1.389495494373136e-07, 'SVMR__kernel': 'rbf', 'SVMR__max_iter': 40000}",97,0.0442857142857,0.0434782608696,0.0438095238095,0.05,0.0526315789474,0.0526315789474,0.332879527475,0.0328502288666,0.00404607825773
4.51699999968,0.190499981244,0.047743204864,0.59999999999999998,8000,balanced,7.196856730011529e-07,rbf,40000,"{'SVMR__class_weight': 'balanced', 'SVMR__C': 0.59999999999999998, 'SVMR__cache_size': 8000, 'SVMR__gamma': 7.196856730011529e-07, 'SVMR__kernel': 'rbf', 'SVMR__max_iter': 40000}",97,0.0442857142857,0.0434782608696,0.0438095238095,0.05,0.0526315789474,0.0526315789474,0.378051142195,0.0293527140335,0.00404607825773
4.1835000515,0.174833337466,0.047743204864,0.59999999999999998,8000,balanced,3.7275937203149381e-06,rbf,40000,"{'SVMR__class_weight': 'balanced', 'SVMR__C': 0.59999999999999998, 'SVMR__cache_size': 8000, 'SVMR__gamma': 3.7275937203149381e-06, 'SVMR__kernel': 'rbf', 'SVMR__max_iter': 40000}",97,0.0442857142857,0.0434782608696,0.0438095238095,0.05,0.0526315789474,0.0526315789474,0.0263043269426,0.0126940845638,0.00404607825773
3.67633338769,0.176666617393,0.0534931253374,0.59999999999999998,8000,balanced,1.9306977288832496e-05,rbf,40000,"{'SVMR__class_weight': 'balanced', 'SVMR__C': 0.59999999999999998, 'SVMR__cache_size': 8000, 'SVMR__gamma': 1.9306977288832496e-05, 'SVMR__kernel': 'rbf', 'SVMR__max_iter': 40000}",83,0.0442857142857,0.0434782608696,0.0438095238095,0.05,0.0877192982456,0.0526315789474,0.0627101656979,0.0230193388352,0.0155330706502
3.54766666889,0.164500037829,0.0549670676341,0.59999999999999998,8000,balanced,0.0001,rbf,40000,"{'SVMR__class_weight': 'balanced', 'SVMR__C': 0.59999999999999998, 'SVMR__cache_size': 8000, 'SVMR__gamma': 0.0001, 'SVMR__kernel': 'rbf', 'SVMR__max_iter': 40000}",79,0.0621428571429,0.0434782608696,0.0342857142857,0.05,0.0877192982456,0.0526315789474,0.196884678323,0.00590901792074,0.0168297340972
3.75799993674,0.258333365122,0.0755558586709,0.59999999999999998,8000,balanced,0.0005179474679231213,rbf,40000,"{'SVMR__class_weight': 'balanced', 'SVMR__C': 0.59999999999999998, 'SVMR__cache_size': 8000, 'SVMR__gamma': 0.0005179474679231213, 'SVMR__kernel': 'rbf', 'SVMR__max_iter': 40000}",60,0.0797305051053,0.038420312186,0.0910101010101,0.0470833333333,0.105263157895,0.0930064888248,0.332189675124,0.0426211050647,0.0245980283944
3.54633335272,0.267333348592,0.0757320602541,0.59999999999999998,8000,balanced,0.0026826957952797272,rbf,40000,"{'SVMR__class_weight': 'balanced', 'SVMR__C': 0.59999999999999998, 'SVMR__cache_size': 8000, 'SVMR__gamma': 0.0026826957952797272, 'SVMR__kernel': 'rbf', 'SVMR__max_iter': 40000}",59,0.108042757188,0.0449754617074,0.110783474403,0.0807340884759,0.0400680474339,0.0687397280419,0.322345417896,0.0306413402779,0.0276532276207
3.11750002702,0.270333329837,0.11981381093,0.59999999999999998,8000,balanced,0.013894954943731389,rbf,40000,"{'SVMR__class_weight': 'balanced', 'SVMR__C': 0.59999999999999998, 'SVMR__cache_size': 8000, 'SVMR__gamma': 0.013894954943731389, 'SVMR__kernel': 'rbf', 'SVMR__max_iter': 40000}",43,0.0932714021399,0.0998151199016,0.168050991749,0.157568421333,0.109988140899,0.0908758855977,0.179160742423,0.025031077219,0.0310531951505
2.73149998983,0.243000030518,0.16211131698,0.59999999999999998,8000,balanced,0.071968567300115291,rbf,40000,"{'SVMR__class_weight': 'balanced', 'SVMR__C': 0.59999999999999998, 'SVMR__cache_size': 8000, 'SVMR__gamma': 0.071968567300115291, 'SVMR__kernel': 'rbf', 'SVMR__max_iter': 40000}",20,0.121649861785,0.134612155149,0.207360617135,0.203737188124,0.138314292483,0.16875249752,0.0651504045849,0.0471876140872,0.0337100728774
3.08999995391,0.164333383242,0.18128257732,0.59999999999999998,8000,balanced,0.37275937203149379,rbf,40000,"{'SVMR__class_weight': 'balanced', 'SVMR__C': 0.59999999999999998, 'SVMR__cache_size': 8000, 'SVMR__gamma': 0.37275937203149379, 'SVMR__kernel': 'rbf', 'SVMR__max_iter': 40000}",5,0.151896071289,0.160619035168,0.20205797916,0.175883996285,0.16030591487,0.238954425718,0.13909835191,0.0198214651658,0.0302005858122
4.21200005213,0.303999940554,0.169127429559,0.59999999999999998,8000,balanced,1.9306977288832536,rbf,40000,"{'SVMR__class_weight': 'balanced', 'SVMR__C': 0.59999999999999998, 'SVMR__cache_size': 8000, 'SVMR__gamma': 1.9306977288832536, 'SVMR__kernel': 'rbf', 'SVMR__max_iter': 40000}",17,0.115694385134,0.174761245146,0.185031413618,0.200672289779,0.132192514365,0.208301432455,0.273382561088,0.0565655938977,0.0342826270466
6.53149994214,0.241833368937,0.12565305985,0.59999999999999998,8000,balanced,10.0,rbf,40000,"{'SVMR__class_weight': 'balanced', 'SVMR__C': 0.59999999999999998, 'SVMR__cache_size': 8000, 'SVMR__gamma': 10.0, 'SVMR__kernel': 'rbf', 'SVMR__max_iter': 40000}",34,0.0818117008562,0.140494342653,0.131389709536,0.135390312523,0.119988384416,0.146239606351,0.320193009705,0.0186941660175,0.0215031525127
3.98049998283,0.166833321253,0.0317605373673,0.70000000000000007,8000,balanced,1.0000000000000001e-09,rbf,40000,"{'SVMR__class_weight': 'balanced', 'SVMR__C': 0.70000000000000007, 'SVMR__cache_size': 8000, 'SVMR__gamma': 1.0000000000000001e-09, 'SVMR__kernel': 'rbf', 'SVMR__max_iter': 40000}",150,0.0357142857143,0.0434782608696,0.047619047619,0.0625,0.0,0.0,0.070440893557,0.0128116957006,0.0235358312929
4.03050001462,0.213833332062,0.0370620545026,0.70000000000000007,8000,balanced,5.1794746792312025e-09,rbf,40000,"{'SVMR__class_weight': 'balanced', 'SVMR__C': 0.70000000000000007, 'SVMR__cache_size': 8000, 'SVMR__gamma': 5.1794746792312025e-09, 'SVMR__kernel': 'rbf', 'SVMR__max_iter': 40000}",144,0.0357142857143,0.0434782608696,0.047619047619,0.05,0.00751879699248,0.0375939849624,0.200974909183,0.0340656990036,0.0140214284472
3.97733338674,0.187833269437,0.0337901045285,0.70000000000000007,8000,balanced,2.6826957952797272e-08,rbf,40000,"{'SVMR__class_weight': 'balanced', 'SVMR__C': 0.70000000000000007, 'SVMR__cache_size': 8000, 'SVMR__gamma': 2.6826957952797272e-08, 'SVMR__kernel': 'rbf', 'SVMR__max_iter': 40000}",145,0.0357142857143,0.0434782608696,0.047619047619,0.05,0.00751879699248,0.0175438596491,0.188543157705,0.0295714318799,0.0157485525163
4.19199999173,0.199666659037,0.0337901045285,0.70000000000000007,8000,balanced,1.389495494373136e-07,rbf,40000,"{'SVMR__class_weight': 'balanced', 'SVMR__C': 0.70000000000000007, 'SVMR__cache_size': 8000, 'SVMR__gamma': 1.389495494373136e-07, 'SVMR__kernel': 'rbf', 'SVMR__max_iter': 40000}",145,0.0357142857143,0.0434782608696,0.047619047619,0.05,0.00751879699248,0.0175438596491,0.350800990723,0.0409497840163,0.0157485525163
4.50299998124,0.218833406766,0.0337901045285,0.70000000000000007,8000,balanced,7.196856730011529e-07,rbf,40000,"{'SVMR__class_weight': 'balanced', 'SVMR__C': 0.70000000000000007, 'SVMR__cache_size': 8000, 'SVMR__gamma': 7.196856730011529e-07, 'SVMR__kernel': 'rbf', 'SVMR__max_iter': 40000}",145,0.0357142857143,0.0434782608696,0.047619047619,0.05,0.00751879699248,0.0175438596491,0.375399351646,0.0299745527619,0.0157485525163
4.27883330981,0.1875,0.0337901045285,0.70000000000000007,8000,balanced,3.7275937203149381e-06,rbf,40000,"{'SVMR__class_weight': 'balanced', 'SVMR__C': 0.70000000000000007, 'SVMR__cache_size': 8000, 'SVMR__gamma': 3.7275937203149381e-06, 'SVMR__kernel': 'rbf', 'SVMR__max_iter': 40000}",145,0.0357142857143,0.0434782608696,0.047619047619,0.05,0.00751879699248,0.0175438596491,0.100848701122,0.0468783663954,0.0157485525163
3.71950006485,0.177833278974,0.0337901045285,0.70000000000000007,8000,balanced,1.9306977288832496e-05,rbf,40000,"{'SVMR__class_weight': 'balanced', 'SVMR__C': 0.70000000000000007, 'SVMR__cache_size': 8000, 'SVMR__gamma': 1.9306977288832496e-05, 'SVMR__kernel': 'rbf', 'SVMR__max_iter': 40000}",145,0.0357142857143,0.0434782608696,0.047619047619,0.05,0.00751879699248,0.0175438596491,0.0476821462111,0.0226230993837,0.0157485525163
3.77816661199,0.230499982834,0.0498624307482,0.70000000000000007,8000,balanced,0.0001,rbf,40000,"{'SVMR__class_weight': 'balanced', 'SVMR__C': 0.70000000000000007, 'SVMR__cache_size': 8000, 'SVMR__gamma': 0.0001, 'SVMR__kernel': 'rbf', 'SVMR__max_iter': 40000}",94,0.0675675675676,0.0489130434783,0.047619047619,0.0566666666667,0.00751879699248,0.0701754385965,0.278740859656,0.0425666341245,0.0205797524498
3.92199997107,0.233666698138,0.0569603887315,0.70000000000000007,8000,balanced,0.0005179474679231213,rbf,40000,"{'SVMR__class_weight': 'balanced', 'SVMR__C': 0.70000000000000007, 'SVMR__cache_size': 8000, 'SVMR__gamma': 0.0005179474679231213, 'SVMR__kernel': 'rbf', 'SVMR__max_iter': 40000}",69,0.0616650837239,0.0751278772379,0.0723492924985,0.0329166666667,0.0092627438085,0.0896601100112,0.398424753122,0.0288539985295,0.027241459353
3.34933336576,0.183499972026,0.0753207287075,0.70000000000000007,8000,balanced,0.0026826957952797272,rbf,40000,"{'SVMR__class_weight': 'balanced', 'SVMR__C': 0.70000000000000007, 'SVMR__cache_size': 8000, 'SVMR__gamma': 0.0026826957952797272, 'SVMR__kernel': 'rbf', 'SVMR__max_iter': 40000}",61,0.103225489391,0.0682459468379,0.0962164286791,0.0811032867882,0.0283342447617,0.0733629741494,0.150278249827,0.0196363036696,0.0241379801617
2.56099994977,0.175333301226,0.127167780591,0.70000000000000007,8000,balanced,0.013894954943731389,rbf,40000,"{'SVMR__class_weight': 'balanced', 'SVMR__C': 0.70000000000000007, 'SVMR__cache_size': 8000, 'SVMR__gamma': 0.013894954943731389, 'SVMR__kernel': 'rbf', 'SVMR__max_iter': 40000}",33,0.0911033567266,0.111196853395,0.167563978762,0.16730829652,0.117280214382,0.109694369176,0.0881551595101,0.0449319928173,0.0294989227943
2.25016665459,0.233833392461,0.161440744769,0.70000000000000007,8000,balanced,0.071968567300115291,rbf,40000,"{'SVMR__class_weight': 'balanced', 'SVMR__C': 0.70000000000000007, 'SVMR__cache_size': 8000, 'SVMR__gamma': 0.071968567300115291, 'SVMR__kernel': 'rbf', 'SVMR__max_iter': 40000}",21,0.118863088837,0.148804029037,0.22573736827,0.158923581414,0.145731515093,0.171980098847,0.0957155638364,0.0485537856468,0.0329576547354
2.92916671435,0.167999982834,0.183127440473,0.70000000000000007,8000,balanced,0.37275937203149379,rbf,40000,"{'SVMR__class_weight': 'balanced', 'SVMR__C': 0.70000000000000007, 'SVMR__cache_size': 8000, 'SVMR__gamma': 0.37275937203149379, 'SVMR__kernel': 'rbf', 'SVMR__max_iter': 40000}",3,0.154610839629,0.166501388109,0.206547291695,0.176210601371,0.166444799531,0.230212743927,0.162628808476,0.0159164083707,0.0263244640671
4.04466676712,0.235166589419,0.172076368241,0.70000000000000007,8000,balanced,1.9306977288832536,rbf,40000,"{'SVMR__class_weight': 'balanced', 'SVMR__C': 0.70000000000000007, 'SVMR__cache_size': 8000, 'SVMR__gamma': 1.9306977288832536, 'SVMR__kernel': 'rbf', 'SVMR__max_iter': 40000}",13,0.115764231373,0.18108926414,0.184197648955,0.200443132206,0.148315004318,0.204611938095,0.306792927407,0.0501976353214,0.0313051691719
6.12983338038,0.258999943733,0.121335519261,0.70000000000000007,8000,balanced,10.0,rbf,40000,"{'SVMR__class_weight': 'balanced', 'SVMR__C': 0.70000000000000007, 'SVMR__cache_size': 8000, 'SVMR__gamma': 10.0, 'SVMR__kernel': 'rbf', 'SVMR__max_iter': 40000}",38,0.0743587516444,0.133201112511,0.12006893282,0.131330370135,0.116540932608,0.15432492797,0.217955243837,0.0510783642981,0.0245005573915
3.8549999396,0.230166713397,0.0447615547071,0.80000000000000004,8000,balanced,1.0000000000000001e-09,rbf,40000,"{'SVMR__class_weight': 'balanced', 'SVMR__C': 0.80000000000000004, 'SVMR__cache_size': 8000, 'SVMR__gamma': 1.0000000000000001e-09, 'SVMR__kernel': 'rbf', 'SVMR__max_iter': 40000}",105,0.0357142857143,0.0434782608696,0.047619047619,0.05,0.0526315789474,0.0394736842105,0.127923112533,0.0303338036502,0.00590903478274
4.02466654778,0.179666717847,0.042308267452,0.80000000000000004,8000,balanced,5.1794746792312025e-09,rbf,40000,"{'SVMR__class_weight': 'balanced', 'SVMR__C': 0.80000000000000004, 'SVMR__cache_size': 8000, 'SVMR__gamma': 5.1794746792312025e-09, 'SVMR__kernel': 'rbf', 'SVMR__max_iter': 40000}",132,0.0339285714286,0.0434782608696,0.047619047619,0.05,0.0526315789474,0.0263157894737,0.341188409239,0.042322874164,0.00927060377537
4.02883334955,0.174833337466,0.0433795127479,0.80000000000000004,8000,balanced,2.6826957952797272e-08,rbf,40000,"{'SVMR__class_weight': 'balanced', 'SVMR__C': 0.80000000000000004, 'SVMR__cache_size': 8000, 'SVMR__gamma': 2.6826957952797272e-08, 'SVMR__kernel': 'rbf', 'SVMR__max_iter': 40000}",115,0.0401785714286,0.0434782608696,0.047619047619,0.05,0.0526315789474,0.0263157894737,0.197896711224,0.0191260707863,0.00857545282085
3.72566668193,0.186500032743,0.0433795127479,0.80000000000000004,8000,balanced,1.389495494373136e-07,rbf,40000,"{'SVMR__class_weight': 'balanced', 'SVMR__C': 0.80000000000000004, 'SVMR__cache_size': 8000, 'SVMR__gamma': 1.389495494373136e-07, 'SVMR__kernel': 'rbf', 'SVMR__max_iter': 40000}",115,0.0401785714286,0.0434782608696,0.047619047619,0.05,0.0526315789474,0.0263157894737,0.0762051538771,0.0176517281294,0.00857545282085
3.8654999733,0.214333335559,0.0433795127479,0.80000000000000004,8000,balanced,7.196856730011529e-07,rbf,40000,"{'SVMR__class_weight': 'balanced', 'SVMR__C': 0.80000000000000004, 'SVMR__cache_size': 8000, 'SVMR__gamma': 7.196856730011529e-07, 'SVMR__kernel': 'rbf', 'SVMR__max_iter': 40000}",115,0.0401785714286,0.0434782608696,0.047619047619,0.05,0.0526315789474,0.0263157894737,0.282532426819,0.0390370633329,0.00857545282085
4.46199997266,0.215333382289,0.0433795127479,0.80000000000000004,8000,balanced,3.7275937203149381e-06,rbf,40000,"{'SVMR__class_weight': 'balanced', 'SVMR__C': 0.80000000000000004, 'SVMR__cache_size': 8000, 'SVMR__gamma': 3.7275937203149381e-06, 'SVMR__kernel': 'rbf', 'SVMR__max_iter': 40000}",115,0.0401785714286,0.0434782608696,0.047619047619,0.05,0.0526315789474,0.0263157894737,0.417933366411,0.0563461711954,0.00857545282085
4.51966671149,0.205500046412,0.0440952518048,0.80000000000000004,8000,balanced,1.9306977288832496e-05,rbf,40000,"{'SVMR__class_weight': 'balanced', 'SVMR__C': 0.80000000000000004, 'SVMR__cache_size': 8000, 'SVMR__gamma': 1.9306977288832496e-05, 'SVMR__kernel': 'rbf', 'SVMR__max_iter': 40000}",109,0.0401785714286,0.0434782608696,0.047619047619,0.05,0.0526315789474,0.030701754386,0.190252166414,0.0178209319747,0.00719298051364
4.18400001526,0.188500006994,0.0642892404282,0.80000000000000004,8000,balanced,0.0001,rbf,40000,"{'SVMR__class_weight': 'balanced', 'SVMR__C': 0.80000000000000004, 'SVMR__cache_size': 8000, 'SVMR__gamma': 0.0001, 'SVMR__kernel': 'rbf', 'SVMR__max_iter': 40000}",66,0.0723214285714,0.0434782608696,0.0548340548341,0.0534090909091,0.105263157895,0.0570175438596,0.138248646443,0.0134876551055,0.020068736751
3.49116667112,0.174166639646,0.0845896150415,0.80000000000000004,8000,balanced,0.0005179474679231213,rbf,40000,"{'SVMR__class_weight': 'balanced', 'SVMR__C': 0.80000000000000004, 'SVMR__cache_size': 8000, 'SVMR__gamma': 0.0005179474679231213, 'SVMR__kernel': 'rbf', 'SVMR__max_iter': 40000}",51,0.0887445887446,0.0463006941907,0.100649350649,0.0998157248157,0.0944619010212,0.0783119120449,0.0453299391799,0.0121437820137,0.0188523721069
2.80700000127,0.196000019709,0.0796899746952,0.80000000000000004,8000,balanced,0.0026826957952797272,rbf,40000,"{'SVMR__class_weight': 'balanced', 'SVMR__C': 0.80000000000000004, 'SVMR__cache_size': 8000, 'SVMR__gamma': 0.0026826957952797272, 'SVMR__kernel': 'rbf', 'SVMR__max_iter': 40000}",54,0.0805770872786,0.0633067532591,0.106515851479,0.0835925378859,0.0546425915867,0.0896065175093,0.136412330774,0.0308761686962,0.0169396345097
2.38099996249,0.176833351453,0.129700429043,0.80000000000000004,8000,balanced,0.013894954943731389,rbf,40000,"{'SVMR__class_weight': 'balanced', 'SVMR__C': 0.80000000000000004, 'SVMR__cache_size': 8000, 'SVMR__gamma': 0.013894954943731389, 'SVMR__kernel': 'rbf', 'SVMR__max_iter': 40000}",31,0.0929668004862,0.111573665418,0.172403780562,0.169331136864,0.137530916048,0.0955399580208,0.106092705263,0.0115817835347,0.0324170698387
2.19383339087,0.166833281517,0.174488406752,0.80000000000000004,8000,balanced,0.071968567300115291,rbf,40000,"{'SVMR__class_weight': 'balanced', 'SVMR__C': 0.80000000000000004, 'SVMR__cache_size': 8000, 'SVMR__gamma': 0.071968567300115291, 'SVMR__kernel': 'rbf', 'SVMR__max_iter': 40000}",8,0.117705290239,0.150729752241,0.250257624134,0.191182332399,0.16530961813,0.173789242827,0.0648444233958,0.0164156163231,0.0408028134561
2.49166659514,0.17583334446,0.18364475294,0.80000000000000004,8000,balanced,0.37275937203149379,rbf,40000,"{'SVMR__class_weight': 'balanced', 'SVMR__C': 0.80000000000000004, 'SVMR__cache_size': 8000, 'SVMR__gamma': 0.37275937203149379, 'SVMR__kernel': 'rbf', 'SVMR__max_iter': 40000}",1,0.155028954524,0.176634033651,0.209468747633,0.174661108841,0.164088161668,0.223360169453,0.0746830279996,0.0216595037778,0.0243559360296
3.55666657289,0.185333331426,0.171900253822,0.80000000000000004,8000,balanced,1.9306977288832536,rbf,40000,"{'SVMR__class_weight': 'balanced', 'SVMR__C': 0.80000000000000004, 'SVMR__cache_size': 8000, 'SVMR__gamma': 1.9306977288832536, 'SVMR__kernel': 'rbf', 'SVMR__max_iter': 40000}",14,0.115052861346,0.184788302161,0.17116964227,0.206101696798,0.152476067066,0.20382639214,0.185141980344,0.0363302410368,0.0316800463999
5.65866665045,0.233500003815,0.122480378216,0.80000000000000004,8000,balanced,10.0,rbf,40000,"{'SVMR__class_weight': 'balanced', 'SVMR__C': 0.80000000000000004, 'SVMR__cache_size': 8000, 'SVMR__gamma': 10.0, 'SVMR__kernel': 'rbf', 'SVMR__max_iter': 40000}",37,0.0748465116135,0.131570677728,0.123129891175,0.135684390836,0.115314101593,0.156221623932,0.377668072276,0.0209343466896,0.0250200922858
3.91766667366,0.262833317121,0.0492098509971,0.90000000000000002,8000,balanced,1.0000000000000001e-09,rbf,40000,"{'SVMR__class_weight': 'balanced', 'SVMR__C': 0.90000000000000002, 'SVMR__cache_size': 8000, 'SVMR__gamma': 1.0000000000000001e-09, 'SVMR__kernel': 'rbf', 'SVMR__max_iter': 40000}",96,0.0357142857143,0.00621118012422,0.047619047619,0.05,0.105263157895,0.0526315789474,0.262001704192,0.0511416567992,0.0293644537372
3.99733336767,0.196333289146,0.0555336525878,0.90000000000000002,8000,balanced,5.1794746792312025e-09,rbf,40000,"{'SVMR__class_weight': 'balanced', 'SVMR__C': 0.90000000000000002, 'SVMR__cache_size': 8000, 'SVMR__gamma': 5.1794746792312025e-09, 'SVMR__kernel': 'rbf', 'SVMR__max_iter': 40000}",73,0.0357142857143,0.0434782608696,0.047619047619,0.05,0.105263157895,0.0526315789474,0.250705367351,0.0279085215554,0.0226742182818
4.10249996185,0.194500009219,0.0555336525878,0.90000000000000002,8000,balanced,2.6826957952797272e-08,rbf,40000,"{'SVMR__class_weight': 'balanced', 'SVMR__C': 0.90000000000000002, 'SVMR__cache_size': 8000, 'SVMR__gamma': 2.6826957952797272e-08, 'SVMR__kernel': 'rbf', 'SVMR__max_iter': 40000}",73,0.0357142857143,0.0434782608696,0.047619047619,0.05,0.105263157895,0.0526315789474,0.276258794787,0.0532595885842,0.0226742182818
3.87783328692,0.164166649183,0.0555336525878,0.90000000000000002,8000,balanced,1.389495494373136e-07,rbf,40000,"{'SVMR__class_weight': 'balanced', 'SVMR__C': 0.90000000000000002, 'SVMR__cache_size': 8000, 'SVMR__gamma': 1.389495494373136e-07, 'SVMR__kernel': 'rbf', 'SVMR__max_iter': 40000}",73,0.0357142857143,0.0434782608696,0.047619047619,0.05,0.105263157895,0.0526315789474,0.0530830676534,0.0314240353609,0.0226742182818
4.14749995867,0.181000034014,0.0555336525878,0.90000000000000002,8000,balanced,7.196856730011529e-07,rbf,40000,"{'SVMR__class_weight': 'balanced', 'SVMR__C': 0.90000000000000002, 'SVMR__cache_size': 8000, 'SVMR__gamma': 7.196856730011529e-07, 'SVMR__kernel': 'rbf', 'SVMR__max_iter': 40000}",73,0.0357142857143,0.0434782608696,0.047619047619,0.05,0.105263157895,0.0526315789474,0.30935992141,0.0385875937223,0.0226742182818
4.14400005341,0.208333293597,0.0555336525878,0.90000000000000002,8000,balanced,3.7275937203149381e-06,rbf,40000,"{'SVMR__class_weight': 'balanced', 'SVMR__C': 0.90000000000000002, 'SVMR__cache_size': 8000, 'SVMR__gamma': 3.7275937203149381e-06, 'SVMR__kernel': 'rbf', 'SVMR__max_iter': 40000}",73,0.0357142857143,0.0434782608696,0.047619047619,0.05,0.105263157895,0.0526315789474,0.222216864135,0.0452756860798,0.0226742182818
4.61183333397,0.243499994278,0.0555336525878,0.90000000000000002,8000,balanced,1.9306977288832496e-05,rbf,40000,"{'SVMR__class_weight': 'balanced', 'SVMR__C': 0.90000000000000002, 'SVMR__cache_size': 8000, 'SVMR__gamma': 1.9306977288832496e-05, 'SVMR__kernel': 'rbf', 'SVMR__max_iter': 40000}",73,0.0357142857143,0.0434782608696,0.047619047619,0.05,0.105263157895,0.0526315789474,0.481341034508,0.0263106326592,0.0226742182818
4.05250000954,0.247999986013,0.0563642621431,0.90000000000000002,8000,balanced,0.0001,rbf,40000,"{'SVMR__class_weight': 'balanced', 'SVMR__C': 0.90000000000000002, 'SVMR__cache_size': 8000, 'SVMR__gamma': 0.0001, 'SVMR__kernel': 'rbf', 'SVMR__max_iter': 40000}",70,0.0654336734694,0.0,0.0888888888889,0.05,0.0473684210526,0.0877192982456,0.127172738233,0.0193046036003,0.0301633353716
4.05216670036,0.200500011444,0.0685077436256,0.90000000000000002,8000,balanced,0.0005179474679231213,rbf,40000,"{'SVMR__class_weight': 'balanced', 'SVMR__C': 0.90000000000000002, 'SVMR__cache_size': 8000, 'SVMR__gamma': 0.0005179474679231213, 'SVMR__kernel': 'rbf', 'SVMR__max_iter': 40000}",63,0.1051963454,0.0202666046656,0.0683865483145,0.0433972992182,0.0700445142708,0.104142689247,0.469611347559,0.0183280756898,0.0306172802301
3.00133327643,0.180833379428,0.0770811300404,0.90000000000000002,8000,balanced,0.0026826957952797272,rbf,40000,"{'SVMR__class_weight': 'balanced', 'SVMR__C': 0.90000000000000002, 'SVMR__cache_size': 8000, 'SVMR__gamma': 0.0026826957952797272, 'SVMR__kernel': 'rbf', 'SVMR__max_iter': 40000}",57,0.0796566940559,0.0606196947732,0.10126693373,0.104932590868,0.0395193404209,0.0763177538817,0.0890948580634,0.0209078758459,0.0224512196125
2.29949998856,0.165166695913,0.129551003997,0.90000000000000002,8000,balanced,0.013894954943731389,rbf,40000,"{'SVMR__class_weight': 'balanced', 'SVMR__C': 0.90000000000000002, 'SVMR__cache_size': 8000, 'SVMR__gamma': 0.013894954943731389, 'SVMR__kernel': 'rbf', 'SVMR__max_iter': 40000}",32,0.0955305537556,0.112483746908,0.174851964354,0.172425100845,0.109133448826,0.113869363624,0.0185988416011,0.0113639122161,0.0316529096132
2.34216666222,0.181833346685,0.173369082739,0.90000000000000002,8000,balanced,0.071968567300115291,rbf,40000,"{'SVMR__class_weight': 'balanced', 'SVMR__C': 0.90000000000000002, 'SVMR__cache_size': 8000, 'SVMR__gamma': 0.071968567300115291, 'SVMR__kernel': 'rbf', 'SVMR__max_iter': 40000}",11,0.110745530529,0.149677264543,0.251741111702,0.191540949121,0.167724581146,0.171031699464,0.109403546067,0.0230825493609,0.0430284588331
2.74049993356,0.178666671117,0.182025508214,0.90000000000000002,8000,balanced,0.37275937203149379,rbf,40000,"{'SVMR__class_weight': 'balanced', 'SVMR__C': 0.90000000000000002, 'SVMR__cache_size': 8000, 'SVMR__gamma': 0.37275937203149379, 'SVMR__kernel': 'rbf', 'SVMR__max_iter': 40000}",4,0.142118722863,0.178916642347,0.210809964506,0.173799039875,0.16088200723,0.227347076127,0.0498890146533,0.0130213847704,0.0288493291337
4.36099998156,0.244333306948,0.172463085041,0.90000000000000002,8000,balanced,1.9306977288832536,rbf,40000,"{'SVMR__class_weight': 'balanced', 'SVMR__C': 0.90000000000000002, 'SVMR__cache_size': 8000, 'SVMR__gamma': 1.9306977288832536, 'SVMR__kernel': 'rbf', 'SVMR__max_iter': 40000}",12,0.116607443769,0.181417111386,0.177792891135,0.206376701087,0.145773868532,0.208837763869,0.441128447576,0.0191282602995,0.0327989906877
7.02683329582,0.279333313306,0.12052296261,0.90000000000000002,8000,balanced,10.0,rbf,40000,"{'SVMR__class_weight': 'balanced', 'SVMR__C': 0.90000000000000002, 'SVMR__cache_size': 8000, 'SVMR__gamma': 10.0, 'SVMR__kernel': 'rbf', 'SVMR__max_iter': 40000}",40,0.0787708247371,0.112416462462,0.113351902209,0.138289964546,0.12024163181,0.162418658796,0.421464723059,0.0792415234953,0.0256343455935
4.24133336544,0.205333312352,0.0558697424259,1.0,8000,balanced,1.0000000000000001e-09,rbf,40000,"{'SVMR__class_weight': 'balanced', 'SVMR__C': 1.0, 'SVMR__cache_size': 8000, 'SVMR__gamma': 1.0000000000000001e-09, 'SVMR__kernel': 'rbf', 'SVMR__max_iter': 40000}",71,0.0357142857143,0.0434782608696,0.047619047619,0.05,0.0701754385965,0.0899259356361,0.133223680662,0.0582256083922,0.0183174002425
4.18183330695,0.205000003179,0.0469087718776,1.0,8000,balanced,5.1794746792312025e-09,rbf,40000,"{'SVMR__class_weight': 'balanced', 'SVMR__C': 1.0, 'SVMR__cache_size': 8000, 'SVMR__gamma': 5.1794746792312025e-09, 'SVMR__kernel': 'rbf', 'SVMR__max_iter': 40000}",101,0.0357142857143,0.0434782608696,0.047619047619,0.05,0.0526315789474,0.0526315789474,0.267101341577,0.038436133789,0.00598753666725
3.9491666158,0.197166721026,0.0493823022839,1.0,8000,balanced,2.6826957952797272e-08,rbf,40000,"{'SVMR__class_weight': 'balanced', 'SVMR__C': 1.0, 'SVMR__cache_size': 8000, 'SVMR__gamma': 2.6826957952797272e-08, 'SVMR__kernel': 'rbf', 'SVMR__max_iter': 40000}",95,0.0434362934363,0.0434782608696,0.047619047619,0.05,0.059649122807,0.0526315789474,0.0893539957259,0.0314770192767,0.00561713216892
3.87083335718,0.166000008583,0.0513714204476,1.0,8000,balanced,1.389495494373136e-07,rbf,40000,"{'SVMR__class_weight': 'balanced', 'SVMR__C': 1.0, 'SVMR__cache_size': 8000, 'SVMR__gamma': 1.389495494373136e-07, 'SVMR__kernel': 'rbf', 'SVMR__max_iter': 40000}",92,0.0434362934363,0.0434782608696,0.047619047619,0.05,0.0456140350877,0.0789145965786,0.200816216099,0.0198913223295,0.0123795034406
3.57933326562,0.17850001653,0.0530177344091,1.0,8000,balanced,7.196856730011529e-07,rbf,40000,"{'SVMR__class_weight': 'balanced', 'SVMR__C': 1.0, 'SVMR__cache_size': 8000, 'SVMR__gamma': 7.196856730011529e-07, 'SVMR__kernel': 'rbf', 'SVMR__max_iter': 40000}",86,0.046332046332,0.0434782608696,0.047619047619,0.05,0.0526315789474,0.0789145965786,0.0970149101266,0.0120796196504,0.0117868733767
3.52616667747,0.216833313306,0.0530177344091,1.0,8000,balanced,3.7275937203149381e-06,rbf,40000,"{'SVMR__class_weight': 'balanced', 'SVMR__C': 1.0, 'SVMR__cache_size': 8000, 'SVMR__gamma': 3.7275937203149381e-06, 'SVMR__kernel': 'rbf', 'SVMR__max_iter': 40000}",86,0.046332046332,0.0434782608696,0.047619047619,0.05,0.0526315789474,0.0789145965786,0.173744476612,0.0404863195575,0.0117868733767
3.63850001494,0.190333286921,0.0518677503145,1.0,8000,balanced,1.9306977288832496e-05,rbf,40000,"{'SVMR__class_weight': 'balanced', 'SVMR__C': 1.0, 'SVMR__cache_size': 8000, 'SVMR__gamma': 1.9306977288832496e-05, 'SVMR__kernel': 'rbf', 'SVMR__max_iter': 40000}",90,0.046332046332,0.0434782608696,0.047619047619,0.05,0.0456140350877,0.0789145965786,0.199316119575,0.0348074314941,0.0121064499207
3.84550007184,0.185000022252,0.0576244993215,1.0,8000,balanced,0.0001,rbf,40000,"{'SVMR__class_weight': 'balanced', 'SVMR__C': 1.0, 'SVMR__cache_size': 8000, 'SVMR__gamma': 0.0001, 'SVMR__kernel': 'rbf', 'SVMR__max_iter': 40000}",67,0.0881825703254,0.0623401534527,0.0678571428571,0.0486486486486,0.0315789473684,0.0454217736121,0.273389720974,0.0230217535144,0.0181672678039
3.3586666584,0.164666652679,0.0539034940547,1.0,8000,balanced,0.0005179474679231213,rbf,40000,"{'SVMR__class_weight': 'balanced', 'SVMR__C': 1.0, 'SVMR__cache_size': 8000, 'SVMR__gamma': 0.0005179474679231213, 'SVMR__kernel': 'rbf', 'SVMR__max_iter': 40000}",82,0.102486219185,0.0815217391304,0.0462359886639,0.0337898346107,0.0288164440953,0.0275451601335,0.0792583277513,0.0143488356423,0.0287600496515
2.870500048,0.171833316485,0.0730212897018,1.0,8000,balanced,0.0026826957952797272,rbf,40000,"{'SVMR__class_weight': 'balanced', 'SVMR__C': 1.0, 'SVMR__cache_size': 8000, 'SVMR__gamma': 0.0026826957952797272, 'SVMR__kernel': 'rbf', 'SVMR__max_iter': 40000}",62,0.0712698631605,0.0589701882283,0.101339083802,0.102789733725,0.0355320995915,0.0680636563706,0.180600599794,0.0262387245123,0.0234176445798
2.74300003052,0.19699994723,0.13081377881,1.0,8000,balanced,0.013894954943731389,rbf,40000,"{'SVMR__class_weight': 'balanced', 'SVMR__C': 1.0, 'SVMR__cache_size': 8000, 'SVMR__gamma': 0.013894954943731389, 'SVMR__kernel': 'rbf', 'SVMR__max_iter': 40000}",30,0.0961198852132,0.108138883228,0.175934215436,0.173509535373,0.114426854755,0.117987830101,0.196064642562,0.0251131008054,0.0316988795233
2.32750002543,0.198333303134,0.174467211192,1.0,8000,balanced,0.071968567300115291,rbf,40000,"{'SVMR__class_weight': 'balanced', 'SVMR__C': 1.0, 'SVMR__cache_size': 8000, 'SVMR__gamma': 0.071968567300115291, 'SVMR__kernel': 'rbf', 'SVMR__max_iter': 40000}",9,0.112843316559,0.150067338115,0.254122064083,0.195020192222,0.166742027259,0.170184754516,0.121839705006,0.0138764974118,0.0434926371342
2.60849996408,0.155333360036,0.183259624396,1.0,8000,balanced,0.37275937203149379,rbf,40000,"{'SVMR__class_weight': 'balanced', 'SVMR__C': 1.0, 'SVMR__cache_size': 8000, 'SVMR__gamma': 0.37275937203149379, 'SVMR__kernel': 'rbf', 'SVMR__max_iter': 40000}",2,0.141619439137,0.17815512955,0.20046513692,0.184146308326,0.169441980547,0.22771425904,0.0169877877503,0.0173365544848,0.0265489356863
3.8913333416,0.216666658719,0.169841173852,1.0,8000,balanced,1.9306977288832536,rbf,40000,"{'SVMR__class_weight': 'balanced', 'SVMR__C': 1.0, 'SVMR__cache_size': 8000, 'SVMR__gamma': 1.9306977288832536, 'SVMR__kernel': 'rbf', 'SVMR__max_iter': 40000}",16,0.118268272622,0.182793417251,0.155932838118,0.207052376763,0.138921294058,0.218110946827,0.297887980272,0.0472075716695,0.035808884877
5.75016665459,0.143333355586,0.12106204047,1.0,8000,balanced,10.0,rbf,40000,"{'SVMR__class_weight': 'balanced', 'SVMR__C': 1.0, 'SVMR__cache_size': 8000, 'SVMR__gamma': 10.0, 'SVMR__kernel': 'rbf', 'SVMR__max_iter': 40000}",39,0.0825751076899,0.115153693563,0.111094529571,0.14502455859,0.125130275079,0.149456360319,0.20173774352,0.0570662095646,0.0224838452857
